cid,iupac_name,pubchem_inchikey,rdkit_inchikey,canonical_smiles,isomeric_smiles,formula,pubchem_molecular_weight,rdkit_molecular_weight,exact_mass,charge,heavy_atom_count,isotope_atom_count,covalent_unit_count,elements,xlogp,tpsa,h_bond_donor_count,h_bond_acceptor_count,rotatable_bond_count,source
1,3-acetyloxy-4-(trimethylazaniumyl)butanoate,RDHQFKQIGNGIED-UHFFFAOYSA-N,RDHQFKQIGNGIED-UHFFFAOYSA-N,CC(=O)OC(CC(=O)[O-])C[N+](C)(C)C,,C9H17NO4,203.24,203.238,203.11575802,0,14,0,1,C;H;N;O,0.4,66.4,0,4,5,PubChem
2,(2-acetyloxy-3-carboxypropyl)-trimethylazanium,RDHQFKQIGNGIED-UHFFFAOYSA-O,RDHQFKQIGNGIED-UHFFFAOYSA-O,CC(=O)OC(CC(=O)O)C[N+](C)(C)C,,C9H18NO4+,204.24,204.246,204.12358306,1,14,0,1,C;H;N;O,-0.3,63.6,1,4,6,PubChem
3,"5,6-dihydroxycyclohexa-1,3-diene-1-carboxylic acid",INCSWYKICIYAHB-UHFFFAOYSA-N,INCSWYKICIYAHB-UHFFFAOYSA-N,O=C(O)C1=CC=CC(O)C1O,,C7H8O4,156.14,156.137,156.04225873,0,11,0,1,C;H;O,-0.3,77.8,3,4,1,PubChem
4,1-aminopropan-2-ol,HXKKHQJGJAFBHI-UHFFFAOYSA-N,HXKKHQJGJAFBHI-UHFFFAOYSA-N,CC(O)CN,,C3H9NO,75.11,75.111,75.068413911,0,5,0,1,C;H;N;O,-1,46.3,2,2,1,PubChem
5,(3-amino-2-oxopropyl) dihydrogen phosphate,HIQNVODXENYOFK-UHFFFAOYSA-N,HIQNVODXENYOFK-UHFFFAOYSA-N,NCC(=O)COP(=O)(O)O,,C3H8NO5P,169.07,169.073,169.01400935,0,10,0,1,C;H;N;O;P,-5,110,3,6,4,PubChem
6,"1-chloro-2,4-dinitrobenzene",VYZAHLCBVHPDDF-UHFFFAOYSA-N,VYZAHLCBVHPDDF-UHFFFAOYSA-N,O=[N+]([O-])c1ccc(Cl)c([N+](=O)[O-])c1,,C6H3ClN2O4,202.55,202.553,201.9781343,0,13,0,1,C;Cl;H;N;O,2.3,91.6,0,4,0,PubChem
7,9-ethylpurin-6-amine,MUIPLRMGAXZWSQ-UHFFFAOYSA-N,MUIPLRMGAXZWSQ-UHFFFAOYSA-N,CCn1cnc2c(N)ncnc21,,C7H9N5,163.18,163.184,163.08579531,0,12,0,1,C;H;N,0.2,69.6,1,4,1,PubChem
8,"2,3-dihydroxy-3-methylpentanoic acid",PDGXJDXVGMHUIR-UHFFFAOYSA-N,PDGXJDXVGMHUIR-UHFFFAOYSA-N,CCC(C)(O)C(O)C(=O)O,,C6H12O4,148.16,148.158,148.07355886,0,10,0,1,C;H;O,-0.4,77.8,3,4,3,PubChem
9,"(2,3,4,5,6-pentahydroxycyclohexyl) dihydrogen phosphate",INAPMGSXUVUWAF-UHFFFAOYSA-N,INAPMGSXUVUWAF-UHFFFAOYSA-N,O=P(O)(O)OC1C(O)C(O)C(O)C(O)C1O,,C6H13O9P,260.14,260.135,260.02971899,0,16,0,1,C;H;O;P,-4.8,168,7,9,2,PubChem
11,"1,2-dichloroethane",WSLDOOZREJYCGB-UHFFFAOYSA-N,WSLDOOZREJYCGB-UHFFFAOYSA-N,ClCCCl,,C2H4Cl2,98.96,98.96,97.9690055,0,4,0,1,C;Cl;H,1.5,0,0,0,1,PubChem
12,"benzene-1,2,3,5-tetrol",RDJUHLUBPADHNP-UHFFFAOYSA-N,RDJUHLUBPADHNP-UHFFFAOYSA-N,Oc1cc(O)c(O)c(O)c1,,C6H6O4,142.11,142.11,142.02660867,0,10,0,1,C;H;O,0.8,80.9,4,4,0,PubChem
13,"1,2,4-trichlorobenzene",PBKONEOXTCPAFI-UHFFFAOYSA-N,PBKONEOXTCPAFI-UHFFFAOYSA-N,Clc1ccc(Cl)c(Cl)c1,,C6H3Cl3,181.4,181.449,179.930033,0,9,0,1,C;Cl;H,4,0,0,0,0,PubChem
14,7-[3-hydroxy-5-oxo-2-(3-oxooct-1-enyl)cyclopentyl]heptanoic acid,VXPBDCBTMSKCKZ-UHFFFAOYSA-N,VXPBDCBTMSKCKZ-UHFFFAOYSA-N,CCCCCC(=O)C=CC1C(O)CC(=O)C1CCCCCCC(=O)O,,C20H32O5,352.5,352.471,352.22497412,0,25,0,1,C;H;O,3.1,91.7,2,5,13,PubChem
15,"17-hydroxy-10,13-dimethyl-1,2,4,5,6,7,8,9,11,12,14,15,16,17-tetradecahydrocyclopenta[a]phenanthren-3-one",NVKAWKQGWWIWPM-UHFFFAOYSA-N,NVKAWKQGWWIWPM-UHFFFAOYSA-N,CC12CCC3C(CCC4CC(=O)CCC43C)C1CCC2O,,C19H30O2,290.4,290.447,290.224580195,0,21,0,1,C;H;O,3.7,37.3,1,2,0,PubChem
16,"1,8-diazacyclotetradecane-2,9-dione",HERSSAVMHCMYSQ-UHFFFAOYSA-N,HERSSAVMHCMYSQ-UHFFFAOYSA-N,O=C1CCCCCNC(=O)CCCCCN1,,C12H22N2O2,226.32,226.32,226.168127949,0,16,0,1,C;H;N;O,0.6,58.2,2,2,0,PubChem
17,"2,3-dihydropyridine-2,6-dicarboxylic acid",UWOCFOFVIBZJGH-UHFFFAOYSA-N,UWOCFOFVIBZJGH-UHFFFAOYSA-N,O=C(O)C1=NC(C(=O)O)CC=C1,,C7H7NO4,169.13,169.136,169.03750770,0,12,0,1,C;H;N;O,-0.1,87,2,5,2,PubChem
18,"4,5,6-trihydroxy-2,3-dioxohexanoic acid",GJQWCDSAOUMKSE-UHFFFAOYSA-N,GJQWCDSAOUMKSE-UHFFFAOYSA-N,O=C(O)C(=O)C(=O)C(O)C(O)CO,,C6H8O7,192.12,192.123,192.02700259,0,13,0,1,C;H;O,-1.8,132,4,7,5,PubChem
19,"2,3-dihydroxybenzoic acid",GLDQAMYCGOIJDV-UHFFFAOYSA-N,GLDQAMYCGOIJDV-UHFFFAOYSA-N,O=C(O)c1cccc(O)c1O,,C7H6O4,154.12,154.121,154.02660867,0,11,0,1,C;H;O,1.2,77.8,3,4,1,PubChem
20,"3-(2,3-dihydroxyphenyl)propanoic acid",QZDSXQJWBGMRLU-UHFFFAOYSA-N,QZDSXQJWBGMRLU-UHFFFAOYSA-N,O=C(O)CCc1cccc(O)c1O,,C9H10O4,182.17,182.175,182.05790880,0,13,0,1,C;H;O,1,77.8,3,4,3,PubChem
21,2-ethyl-2-hydroxy-3-oxobutanoic acid,VUQLHQFKACOHNZ-UHFFFAOYSA-N,VUQLHQFKACOHNZ-UHFFFAOYSA-N,CCC(O)(C(C)=O)C(=O)O,,C6H10O4,146.14,146.142,146.05790880,0,10,0,1,C;H;O,-0.2,74.6,2,4,3,PubChem
22,2-hydroxy-2-methyl-3-oxobutanoic acid,NMDWGEGFJUBKLB-UHFFFAOYSA-N,NMDWGEGFJUBKLB-UHFFFAOYSA-N,CC(=O)C(C)(O)C(=O)O,,C5H8O4,132.11,132.115,132.04225873,0,9,0,1,C;H;O,-0.7,74.6,2,4,2,PubChem
23,2-amino-3-(3-oxoprop-1-enyl)but-2-enedioic acid,KACPVQQHDVBVFC-UHFFFAOYSA-N,KACPVQQHDVBVFC-UHFFFAOYSA-N,NC(C(=O)O)=C(C=CC=O)C(=O)O,,C7H7NO5,185.13,185.135,185.03242232,0,13,0,1,C;H;N;O,-0.5,118,3,6,4,PubChem
24,"2-amino-5,6,7,8-tetrahydroxy-6-(1,2,3-trihydroxypropyl)-3,4a,7,8a-tetrahydropteridin-4-one",SQDFRPSZAQYREW-UHFFFAOYSA-N,SQDFRPSZAQYREW-UHFFFAOYSA-N,NC1=NC2C(C(=O)N1)N(O)C(O)(C(O)C(O)CO)C(O)N2O,,C9H17N5O8,323.26,323.262,323.10771252,0,22,0,1,C;H;N;O,-4.5,216,9,11,3,PubChem
26,"1-(2-amino-7,8-dihydroxy-4-oxo-3,4a,7,8a-tetrahydropteridin-6-yl)propane-1,2-dione",FNUPJNCDWIHIRQ-UHFFFAOYSA-N,FNUPJNCDWIHIRQ-UHFFFAOYSA-N,CC(=O)C(=O)C1=NC2C(=O)NC(N)=NC2N(O)C1O,,C9H11N5O5,269.21,269.217,269.07601847,0,19,0,1,C;H;N;O,-2.7,158,4,8,2,PubChem
28,"2-aminohexa-2,4-dienedioic acid",ZRHONLCTYUYMIQ-UHFFFAOYSA-N,ZRHONLCTYUYMIQ-UHFFFAOYSA-N,NC(=CC=CC(=O)O)C(=O)O,,C6H7NO4,157.12,157.125,157.03750770,0,11,0,1,C;H;N;O,-0.3,101,3,5,3,PubChem
29,2-amino-3-oxopropanoic acid,XMTCKNXTTXDPJX-UHFFFAOYSA-N,XMTCKNXTTXDPJX-UHFFFAOYSA-N,NC(C=O)C(=O)O,,C3H5NO3,103.08,103.077,103.026943022,0,7,0,1,C;H;N;O,-3.7,80.4,2,4,2,PubChem
30,"2-amino-6-oxohexa-2,4-dienoic acid",QCGTZPZKJPTAEP-UHFFFAOYSA-N,QCGTZPZKJPTAEP-UHFFFAOYSA-N,NC(=CC=CC=O)C(=O)O,,C6H7NO3,141.12,141.126,141.042593085,0,10,0,1,C;H;N;O,-0.3,80.4,2,4,3,PubChem
31,"(2,3,4-trihydroxy-3-methylbutyl) dihydrogen phosphate",XMWHRVNVKDKBRG-UHFFFAOYSA-N,XMWHRVNVKDKBRG-UHFFFAOYSA-N,CC(O)(CO)C(O)COP(=O)(O)O,,C5H13O7P,216.13,216.126,216.03988975,0,13,0,1,C;H;O;P,-3.3,127,5,7,5,PubChem
32,"buta-1,3-diene-1,1,4-tricarboxylic acid",SLUDRBHRUDRZJZ-UHFFFAOYSA-N,SLUDRBHRUDRZJZ-UHFFFAOYSA-N,O=C(O)C=CC=C(C(=O)O)C(=O)O,,C7H6O6,186.12,186.119,186.01643791,0,13,0,1,C;H;O,1,112,3,6,4,PubChem
33,2-chloroacetaldehyde,QSKPIOLLBIHNAC-UHFFFAOYSA-N,QSKPIOLLBIHNAC-UHFFFAOYSA-N,O=CCCl,,C2H3ClO,78.50,78.498,77.9872424,0,4,0,1,C;Cl;H;O,0.3,17.1,0,1,1,PubChem
34,2-chloroethanol,SZIFAVKTNFCBPC-UHFFFAOYSA-N,SZIFAVKTNFCBPC-UHFFFAOYSA-N,OCCCl,,C2H5ClO,80.51,80.514,80.0028925,0,4,0,1,C;Cl;H;O,-0.1,20.2,1,1,1,PubChem
35,2-(2-chloro-5-oxofuran-2-yl)acetic acid,WGZZDRVKIXVYEI-UHFFFAOYSA-N,WGZZDRVKIXVYEI-UHFFFAOYSA-N,O=C(O)CC1(Cl)C=CC(=O)O1,,C6H5ClO4,176.55,176.555,175.9876363,0,11,0,1,C;Cl;H;O,0.3,63.6,1,4,2,PubChem
36,2-hydroxy-3-propan-2-ylbutanedioic acid,RNQHMTFBUSSBJQ-UHFFFAOYSA-N,RNQHMTFBUSSBJQ-UHFFFAOYSA-N,CC(C)C(C(=O)O)C(O)C(=O)O,,C7H12O5,176.17,176.168,176.06847348,0,12,0,1,C;H;O,0,94.8,3,5,4,PubChem
37,"4,5,6-trihydroxy-2-oxohexanoic acid",WPAMZTWLKIDIOP-UHFFFAOYSA-N,WPAMZTWLKIDIOP-UHFFFAOYSA-N,O=C(O)C(=O)CC(O)C(O)CO,,C6H10O6,178.14,178.14,178.04773803,0,12,0,1,C;H;O,-2.3,115,4,6,5,PubChem
38,"4-hydroxy-3,3-dimethyl-2-oxobutanoic acid",PKVVTUWHANFMQC-UHFFFAOYSA-N,PKVVTUWHANFMQC-UHFFFAOYSA-N,CC(C)(CO)C(=O)C(=O)O,,C6H10O4,146.14,146.142,146.05790880,0,10,0,1,C;H;O,-0.1,74.6,2,4,3,PubChem
39,"4,4-dimethyloxolane-2,3-dione",HRTOQFBQOFIFEE-UHFFFAOYSA-N,HRTOQFBQOFIFEE-UHFFFAOYSA-N,CC1(C)COC(=O)C1=O,,C6H8O3,128.13,128.127,128.047344113,0,9,0,1,C;H;O,0.6,43.4,0,3,0,PubChem
40,"6-(hydroxymethyl)oxane-2,4,5-triol",PMMURAAUARKVCB-UHFFFAOYSA-N,PMMURAAUARKVCB-UHFFFAOYSA-N,OCC1OC(O)CC(O)C1O,,C6H12O5,164.16,164.157,164.06847348,0,11,0,1,C;H;O,-1.6,90.2,4,5,1,PubChem
41,(2-hydroxy-5-methylsulfanyl-3-oxopent-1-enyl) dihydrogen phosphate,YIEMFVNCENFBSD-UHFFFAOYSA-N,YIEMFVNCENFBSD-UHFFFAOYSA-N,CSCCC(=O)C(O)=COP(=O)(O)O,,C6H11O6PS,242.19,242.189,242.00139624,0,14,0,1,C;H;O;P;S,-1,129,3,7,6,PubChem
42,"2-hydroxy-6-oxonona-2,4-dienedioic acid",RFENOVFRMPRRJI-UHFFFAOYSA-N,RFENOVFRMPRRJI-UHFFFAOYSA-N,O=C(O)CCC(=O)C=CC=C(O)C(=O)O,,C9H10O6,214.17,214.173,214.04773803,0,15,0,1,C;H;O,-0.4,112,3,6,6,PubChem
43,2-hydroxypentanedioic acid,HWXBTNAVRSUOJR-UHFFFAOYSA-N,HWXBTNAVRSUOJR-UHFFFAOYSA-N,O=C(O)CCC(O)C(=O)O,,C5H8O5,148.11,148.114,148.03717335,0,10,0,1,C;H;O,-1,94.8,3,5,4,PubChem
44,2-hydroxypropanedioate,ROBFUDYVXSDBQM-UHFFFAOYSA-L,ROBFUDYVXSDBQM-UHFFFAOYSA-L,O=C([O-])C(O)C(=O)[O-],,C3H2O5-2,118.04,118.044,117.99022316,-2,8,0,1,C;H;O,0.2,100,1,5,0,PubChem
45,2-hydroxypropanedioic acid,ROBFUDYVXSDBQM-UHFFFAOYSA-N,ROBFUDYVXSDBQM-UHFFFAOYSA-N,O=C(O)C(O)C(=O)O,,C3H4O5,120.06,120.06,120.00587322,0,8,0,1,C;H;O,-1.1,94.8,3,5,2,PubChem
46,"4,5-dihydroxy-2-oxo-6-phosphonooxyhexanoic acid",OVPRPPOVAXRCED-UHFFFAOYSA-N,OVPRPPOVAXRCED-UHFFFAOYSA-N,O=C(O)C(=O)CC(O)C(O)COP(=O)(O)O,,C6H11O9P,258.12,258.119,258.01406892,0,16,0,1,C;H;O;P,-3.4,162,5,9,7,PubChem
47,3-methyl-2-oxopentanoic acid,JVQYSWDUAOAHFM-UHFFFAOYSA-N,JVQYSWDUAOAHFM-UHFFFAOYSA-N,CCC(C)C(=O)C(=O)O,,C6H10O3,130.14,130.143,130.062994177,0,9,0,1,C;H;O,1.1,54.4,1,3,3,PubChem
48,"5-amino-2,5-dioxopentanoic acid",COJBGNAUUSNXHX-UHFFFAOYSA-N,COJBGNAUUSNXHX-UHFFFAOYSA-N,NC(=O)CCC(=O)C(=O)O,,C5H7NO4,145.11,145.114,145.03750770,0,10,0,1,C;H;N;O,-1.5,97.5,2,4,4,PubChem
49,3-methyl-2-oxobutanoic acid,QHKABHOOEWYVLI-UHFFFAOYSA-N,QHKABHOOEWYVLI-UHFFFAOYSA-N,CC(C)C(=O)C(=O)O,,C5H8O3,116.11,116.116,116.047344113,0,8,0,1,C;H;O,0.7,54.4,1,3,2,PubChem
50,"3,4,5,6-tetrahydroxy-2-oxohexanoic acid",VBUYCZFBVCCYFD-UHFFFAOYSA-N,VBUYCZFBVCCYFD-UHFFFAOYSA-N,O=C(O)C(=O)C(O)C(O)C(O)CO,,C6H10O7,194.14,194.139,194.04265265,0,13,0,1,C;H;O,-2.9,135,5,7,5,PubChem
51,2-oxopentanedioic acid,KPGXRSRHYNQIFN-UHFFFAOYSA-N,KPGXRSRHYNQIFN-UHFFFAOYSA-N,O=C(O)CCC(=O)C(=O)O,,C5H6O5,146.10,146.098,146.02152329,0,10,0,1,C;H;O,-0.9,91.7,2,5,4,PubChem
55,"3-(3,7,11,15,19,23,27,31-octamethyldotriaconta-2,6,10,14,18,22,26,30-octaenyl)benzene-1,2-diol",YNPGYMZVNLIZLD-UHFFFAOYSA-N,YNPGYMZVNLIZLD-UHFFFAOYSA-N,CC(C)=CCCC(C)=CCCC(C)=CCCC(C)=CCCC(C)=CCCC(C)=CCCC(C)=CCCC(C)=CCc1cccc(O)c1O,,C46H70O2,655.0,655.064,654.53758147,0,48,0,1,C;H;O,16.1,40.5,2,2,23,PubChem
56,"2-(3,7,11,15,19,23,27-heptamethyldotriaconta-2,6,10,14,18,22,26,30-octaenyl)-6-methoxyphenol",MJLXNZUZQMWZTB-UHFFFAOYSA-N,MJLXNZUZQMWZTB-UHFFFAOYSA-N,CC=CCCC(C)=CCCC(C)=CCCC(C)=CCCC(C)=CCCC(C)=CCCC(C)=CCCC(C)=CCc1cccc(OC)c1O,,C46H70O2,655.0,655.064,654.53758147,0,48,0,1,C;H;O,15.8,29.5,1,2,24,PubChem
57,"2-(3,7,11,15,19,23,27,31-octamethyldotriaconta-2,6,10,14,18,22,26,30-octaenyl)phenol",VUNQJPPPTJIREN-UHFFFAOYSA-N,VUNQJPPPTJIREN-UHFFFAOYSA-N,CC(C)=CCCC(C)=CCCC(C)=CCCC(C)=CCCC(C)=CCCC(C)=CCCC(C)=CCCC(C)=CCc1ccccc1O,,C46H70O,639.0,639.065,638.54266685,0,47,0,1,C;H;O,16.6,20.2,1,1,23,PubChem
58,2-oxobutanoic acid,TYEYBOSBBBHJIV-UHFFFAOYSA-N,TYEYBOSBBBHJIV-UHFFFAOYSA-N,CCC(=O)C(=O)O,,C4H6O3,102.09,102.089,102.031694049,0,7,0,1,C;H;O,0.1,54.4,1,3,2,PubChem
59,3-hydroxy-2-phosphonooxypropanoic acid,GXIURPTVHJPJLF-UHFFFAOYSA-N,GXIURPTVHJPJLF-UHFFFAOYSA-N,O=C(O)C(CO)OP(=O)(O)O,,C3H7O7P,186.06,186.056,185.99293956,0,11,0,1,C;H;O;P,-2.6,124,4,7,4,PubChem
60,"[[5-(4-amino-2-oxopyrimidin-1-yl)-3,4-dihydroxyoxolan-2-yl]methoxy-hydroxyphosphoryl] (2,4-dihydroxy-3-methyl-3-phosphonooxybutyl) hydrogen phosphate",HTJXTKBIUVFUAR-UHFFFAOYSA-N,HTJXTKBIUVFUAR-UHFFFAOYSA-N,CC(CO)(OP(=O)(O)O)C(O)COP(=O)(O)OP(=O)(O)OCC1OC(n2ccc(N)nc2=O)C(O)C1O,,C14H26N3O17P3,601.29,601.288,601.04750736,0,37,0,1,C;H;N;O;P,-7.7,318,9,17,13,PubChem
61,"2,3-diphosphonooxypropanoic acid",XOHUEYCVLUUEJJ-UHFFFAOYSA-N,XOHUEYCVLUUEJJ-UHFFFAOYSA-N,O=C(O)C(COP(=O)(O)O)OP(=O)(O)O,,C3H8O10P2,266.04,266.035,265.95927044,0,15,0,1,C;H;O;P,-3.7,171,5,10,6,PubChem
62,"2,4,5-trichlorocyclohexa-2,5-dien-1-ol",KRQUJBMPSDPYMT-UHFFFAOYSA-N,KRQUJBMPSDPYMT-UHFFFAOYSA-N,OC1C=C(Cl)C(Cl)C=C1Cl,,C6H5Cl3O,199.5,199.464,197.940598,0,10,0,1,C;Cl;H;O,1.9,20.2,1,1,0,PubChem
63,"2,4-diaminopentanoic acid",PCEJMSIIDXUDSN-UHFFFAOYSA-N,PCEJMSIIDXUDSN-UHFFFAOYSA-N,CC(N)CC(N)C(=O)O,,C5H12N2O2,132.16,132.163,132.089877630,0,9,0,1,C;H;N;O,-3.5,89.3,3,4,3,PubChem
64,"2,5-dichlorocyclohexa-2,5-diene-1,4-diol",CPXFTNFOQXXRBF-UHFFFAOYSA-N,CPXFTNFOQXXRBF-UHFFFAOYSA-N,OC1C=C(Cl)C(O)C=C1Cl,,C6H6Cl2O2,181.01,181.018,179.9744848,0,10,0,1,C;Cl;H;O,0.6,40.5,2,2,0,PubChem
65,"2,5-dichlorobenzene-1,4-diol",AYNPIRVEWMUJDE-UHFFFAOYSA-N,AYNPIRVEWMUJDE-UHFFFAOYSA-N,Oc1cc(Cl)c(O)cc1Cl,,C6H4Cl2O2,179.00,179.002,177.9588348,0,10,0,1,C;Cl;H;O,2.7,40.5,2,2,0,PubChem
66,"2,5-dichlorophenol",RANCECPPZPIPNO-UHFFFAOYSA-N,RANCECPPZPIPNO-UHFFFAOYSA-N,Oc1cc(Cl)ccc1Cl,,C6H4Cl2O,163.00,163.003,161.9639201,0,9,0,1,C;Cl;H;O,3.1,20.2,1,1,0,PubChem
67,"3,4,6-trihydroxy-2,5-dioxohexanoic acid",RXMWXENJQAINCC-UHFFFAOYSA-N,RXMWXENJQAINCC-UHFFFAOYSA-N,O=C(O)C(=O)C(O)C(O)C(=O)CO,,C6H8O7,192.12,192.123,192.02700259,0,13,0,1,C;H;O,-2.5,132,4,7,5,PubChem
68,"2,4-dihydroxy-6-(hydroxymethyl)-6-methyl-2,4-dioxo-1,3,5,2lambda5,4lambda5-trioxadiphosphocan-7-ol",SFRQRNJMIIUYDI-UHFFFAOYSA-N,SFRQRNJMIIUYDI-UHFFFAOYSA-N,CC1(CO)OP(=O)(O)OP(=O)(O)OCC1O,,C5H12O9P2,278.09,278.09,277.99565595,0,16,0,1,C;H;O;P,-2.8,143,4,9,1,PubChem
69,"2-hydroxy-6-oxohepta-2,4-dienoic acid",HVZGWILTESYJSP-UHFFFAOYSA-N,HVZGWILTESYJSP-UHFFFAOYSA-N,CC(=O)C=CC=C(O)C(=O)O,,C7H8O4,156.14,156.137,156.04225873,0,11,0,1,C;H;O,0.2,74.6,2,4,3,PubChem
70,4-methyl-2-oxopentanoic acid,BKAJNAXTPSGJCU-UHFFFAOYSA-N,BKAJNAXTPSGJCU-UHFFFAOYSA-N,CC(C)CC(=O)C(=O)O,,C6H10O3,130.14,130.143,130.062994177,0,9,0,1,C;H;O,0.9,54.4,1,3,3,PubChem
71,2-oxohexanedioic acid,FGSBNBBHOZHUBO-UHFFFAOYSA-N,FGSBNBBHOZHUBO-UHFFFAOYSA-N,O=C(O)CCCC(=O)C(=O)O,,C6H8O5,160.12,160.125,160.03717335,0,11,0,1,C;H;O,-0.5,91.7,2,5,5,PubChem
72,"3,4-dihydroxybenzoic acid",YQUVCSBJEUQKSH-UHFFFAOYSA-N,YQUVCSBJEUQKSH-UHFFFAOYSA-N,O=C(O)c1ccc(O)c(O)c1,,C7H6O4,154.12,154.121,154.02660867,0,11,0,1,C;H;O,1.1,77.8,3,4,1,PubChem
73,[5-(6-aminopurin-9-yl)-4-hydroxy-2-(phosphonooxymethyl)oxolan-3-yl] dihydrogen phosphate,WHTCPDAXWFLDIH-UHFFFAOYSA-N,WHTCPDAXWFLDIH-UHFFFAOYSA-N,Nc1ncnc2c1ncn2C1OC(COP(=O)(O)O)C(OP(=O)(O)O)C1O,,C10H15N5O10P2,427.20,427.203,427.02941569,0,27,0,1,C;H;N;O;P,-4.6,233,6,14,6,PubChem
75,3-aminopropanal,PCXDJQZLDDHMGX-UHFFFAOYSA-N,PCXDJQZLDDHMGX-UHFFFAOYSA-N,NCCC=O,,C3H7NO,73.09,73.095,73.052763847,0,5,0,1,C;H;N;O,-1.3,43.1,1,2,2,PubChem
76,"3-hydroxy-10,13-dimethyl-1,2,3,4,7,8,9,11,12,14,15,16-dodecahydrocyclopenta[a]phenanthren-17-one",FMGSKLZLMKYGDP-UHFFFAOYSA-N,FMGSKLZLMKYGDP-UHFFFAOYSA-N,CC12CCC3C(CC=C4CC(O)CCC43C)C1CCC2=O,,C19H28O2,288.4,288.431,288.208930132,0,21,0,1,C;H;O,3.2,37.3,1,2,0,PubChem
77,2-hydroxy-2-propan-2-ylbutanedioic acid,BITYXLXUCSKTJS-UHFFFAOYSA-N,BITYXLXUCSKTJS-UHFFFAOYSA-N,CC(C)C(O)(CC(=O)O)C(=O)O,,C7H12O5,176.17,176.168,176.06847348,0,12,0,1,C;H;O,-0.2,94.8,3,5,4,PubChem
78,2-amino-3-chloropropanoic acid,ASBJGPTTYPEMLP-UHFFFAOYSA-N,ASBJGPTTYPEMLP-UHFFFAOYSA-N,NC(CCl)C(=O)O,,C3H6ClNO2,123.54,123.539,123.0087061,0,7,0,1,C;Cl;H;N;O,-2.8,63.3,2,3,2,PubChem
79,pyridine-3-carbonitrile,GZPHSAQLYPIAIN-UHFFFAOYSA-N,GZPHSAQLYPIAIN-UHFFFAOYSA-N,N#Cc1cccnc1,,C6H4N2,104.11,104.112,104.037448136,0,8,0,1,C;H;N,0.2,36.7,0,2,0,PubChem
80,"4,5-dihydroxy-3-oxocyclohexene-1-carboxylic acid",SLWWJZMPHJJOPH-UHFFFAOYSA-N,SLWWJZMPHJJOPH-UHFFFAOYSA-N,O=C(O)C1=CC(=O)C(O)C(O)C1,,C7H8O5,172.13,172.136,172.03717335,0,12,0,1,C;H;O,-1.4,94.8,3,5,1,PubChem
81,"4,5,6-trihydroxy-2-oxo-7-phosphonooxyheptanoic acid",PJWIPEXIFFQAQZ-UHFFFAOYSA-N,PJWIPEXIFFQAQZ-UHFFFAOYSA-N,O=C(O)C(=O)CC(O)C(O)C(O)COP(=O)(O)O,,C7H13O10P,288.15,288.145,288.02463360,0,18,0,1,C;H;O;P,-4,182,6,10,8,PubChem
82,5-(1-carboxyethenoxy)-4-hydroxy-3-phosphonooxycyclohexene-1-carboxylic acid,QUTYKIXIUDQOLK-UHFFFAOYSA-N,QUTYKIXIUDQOLK-UHFFFAOYSA-N,C=C(OC1CC(C(=O)O)=CC(OP(=O)(O)O)C1O)C(=O)O,,C10H13O10P,324.18,324.178,324.02463360,0,21,0,1,C;H;O;P,-1.8,171,5,10,6,PubChem
85,(3-carboxy-2-hydroxypropyl)-trimethylazanium,PHIQHXFUZVPYII-UHFFFAOYSA-O,PHIQHXFUZVPYII-UHFFFAOYSA-O,C[N+](C)(C)CC(O)CC(=O)O,,C7H16NO3+,162.21,162.209,162.11301837,1,11,0,1,C;H;N;O,-0.8,57.5,2,3,4,PubChem
86,2-amino-3-hydroxybenzoic acid,WJXSWCUQABXPFS-UHFFFAOYSA-N,WJXSWCUQABXPFS-UHFFFAOYSA-N,Nc1c(O)cccc1C(=O)O,,C7H7NO3,153.14,153.137,153.042593085,0,11,0,1,C;H;N;O,0.9,83.6,3,4,1,PubChem
87,3-hydroxy-2-methylpropanoic acid,DBXBTMSZEOQQDU-UHFFFAOYSA-N,DBXBTMSZEOQQDU-UHFFFAOYSA-N,CC(CO)C(=O)O,,C4H8O3,104.10,104.105,104.047344113,0,7,0,1,C;H;O,-0.4,57.5,2,3,2,PubChem
89,2-amino-4-(2-amino-3-hydroxyphenyl)-4-oxobutanoic acid,VCKPUUFAIGNJHC-UHFFFAOYSA-N,VCKPUUFAIGNJHC-UHFFFAOYSA-N,Nc1c(O)cccc1C(=O)CC(N)C(=O)O,,C10H12N2O4,224.21,224.216,224.07970687,0,16,0,1,C;H;N;O,-2.5,127,4,6,4,PubChem
91,3-(3-hydroxyphenyl)propanoic acid,QVWAEZJXDYOKEH-UHFFFAOYSA-N,QVWAEZJXDYOKEH-UHFFFAOYSA-N,O=C(O)CCc1cccc(O)c1,,C9H10O3,166.17,166.176,166.062994177,0,12,0,1,C;H;O,1.4,57.5,2,3,3,PubChem
92,3-ethenyl-6-[hydroxy-(6-methoxyquinolin-4-yl)methyl]-1-azabicyclo[2.2.2]octan-3-ol,BSRUJCFCZKMFMB-UHFFFAOYSA-N,BSRUJCFCZKMFMB-UHFFFAOYSA-N,C=CC1(O)CN2CCC1CC2C(O)c1ccnc2ccc(OC)cc12,,C20H24N2O3,340.4,340.423,340.17869263,0,25,0,1,C;H;N;O,1.8,65.8,2,5,4,PubChem
93,3-oxohexanedioic acid,RTGHRDFWYQHVFW-UHFFFAOYSA-N,RTGHRDFWYQHVFW-UHFFFAOYSA-N,O=C(O)CCC(=O)CC(=O)O,,C6H8O5,160.12,160.125,160.03717335,0,11,0,1,C;H;O,-0.9,91.7,2,5,5,PubChem
95,"2,4,5,6-tetrahydroxy-3-oxohexanoic acid",WTAHRPBPWHCMHW-UHFFFAOYSA-N,WTAHRPBPWHCMHW-UHFFFAOYSA-N,O=C(O)C(O)C(=O)C(O)C(O)CO,,C6H10O7,194.14,194.139,194.04265265,0,13,0,1,C;H;O,-2.8,135,5,7,5,PubChem
96,3-oxobutanoic acid,WDJHALXBUFZDSR-UHFFFAOYSA-N,WDJHALXBUFZDSR-UHFFFAOYSA-N,CC(=O)CC(=O)O,,C4H6O3,102.09,102.089,102.031694049,0,7,0,1,C;H;O,-0.4,54.4,1,3,2,PubChem
97,"3,5-dihydroxy-2-(hydroxymethyl)-6-[4,5,6-trihydroxy-2-(hydroxymethyl)oxan-3-yl]oxyoxan-4-one",HKKHTABTHSUDBP-UHFFFAOYSA-N,HKKHTABTHSUDBP-UHFFFAOYSA-N,O=C1C(O)C(CO)OC(OC2C(CO)OC(O)C(O)C2O)C1O,,C12H20O11,340.28,340.281,340.10056145,0,23,0,1,C;H;O,-4.3,186,7,11,4,PubChem
98,2-oxo-3-sulfanylpropanoic acid,OJOLFAIGOXZBCI-UHFFFAOYSA-N,OJOLFAIGOXZBCI-UHFFFAOYSA-N,O=C(O)C(=O)CS,,C3H4O3S,120.13,120.129,119.98811516,0,7,0,1,C;H;O;S,0,55.4,2,4,2,PubChem
100,"4-hydroxy-3-(3,7,11,15,19,23,27,31-octamethyldotriaconta-2,6,10,14,18,22,26,30-octaenyl)benzoic acid",UTIBHEBNILDQKX-UHFFFAOYSA-N,UTIBHEBNILDQKX-UHFFFAOYSA-N,CC(C)=CCCC(C)=CCCC(C)=CCCC(C)=CCCC(C)=CCCC(C)=CCCC(C)=CCCC(C)=CCc1cc(C(=O)O)ccc1O,,C47H70O3,683.1,683.074,682.53249609,0,50,0,1,C;H;O,16,57.5,2,3,24,PubChem
101,3-hydroxybenzaldehyde,IAVREABSGIHHMO-UHFFFAOYSA-N,IAVREABSGIHHMO-UHFFFAOYSA-N,O=Cc1cccc(O)c1,,C7H6O2,122.12,122.123,122.036779430,0,9,0,1,C;H;O,1.4,37.3,1,2,1,PubChem
102,3-(hydroxymethyl)phenol,OKVJCVWFVRATSG-UHFFFAOYSA-N,OKVJCVWFVRATSG-UHFFFAOYSA-N,OCc1cccc(O)c1,,C7H8O2,124.14,124.139,124.052429494,0,9,0,1,C;H;O,0.5,40.5,2,2,1,PubChem
104,2-(2-oxo-3H-furan-5-yl)acetic acid,ZPEHSARSWGDCEX-UHFFFAOYSA-N,ZPEHSARSWGDCEX-UHFFFAOYSA-N,O=C(O)CC1=CCC(=O)O1,,C6H6O4,142.11,142.11,142.02660867,0,10,0,1,C;H;O,-0.3,63.6,1,4,2,PubChem
105,2-oxo-3-phosphonooxypropanoic acid,LFLUCDOSQPJJBE-UHFFFAOYSA-N,LFLUCDOSQPJJBE-UHFFFAOYSA-N,O=C(O)C(=O)COP(=O)(O)O,,C3H5O7P,184.04,184.04,183.97728949,0,11,0,1,C;H;O;P,-2.1,121,3,7,4,PubChem
106,2-amino-3-phosphonooxypropanoic acid,BZQFBWGGLXLEPQ-UHFFFAOYSA-N,BZQFBWGGLXLEPQ-UHFFFAOYSA-N,NC(COP(=O)(O)O)C(=O)O,,C3H8NO6P,185.07,185.072,185.00892397,0,11,0,1,C;H;N;O;P,-5.1,130,4,7,4,PubChem
107,3-phenylpropanoic acid,XMIIGOLPHOKFCH-UHFFFAOYSA-N,XMIIGOLPHOKFCH-UHFFFAOYSA-N,O=C(O)CCc1ccccc1,,C9H10O2,150.17,150.177,150.068079557,0,11,0,1,C;H;O,1.8,37.3,1,2,3,PubChem
108,2-pyridin-3-ylacetic acid,WGNUNYPERJMVRM-UHFFFAOYSA-N,WGNUNYPERJMVRM-UHFFFAOYSA-N,O=C(O)Cc1cccnc1,,C7H7NO2,137.14,137.138,137.047678466,0,10,0,1,C;H;N;O,-0.1,50.2,1,3,2,PubChem
109,2-amino-3-sulfinopropanoic acid,ADVPTQAUNPRNPO-UHFFFAOYSA-N,ADVPTQAUNPRNPO-UHFFFAOYSA-N,NC(CS(=O)O)C(=O)O,,C3H7NO4S,153.16,153.159,153.00957888,0,9,0,1,C;H;N;O;S,-4.2,120,3,6,3,PubChem
110,2-oxo-3-sulfinopropanoic acid,JXYLQEMXCAAMOL-UHFFFAOYSA-N,JXYLQEMXCAAMOL-UHFFFAOYSA-N,O=C(O)C(=O)CS(=O)O,,C3H4O5S,152.13,152.127,151.97794440,0,9,0,1,C;H;O;S,-1,111,2,6,3,PubChem
111,3-(carbamoylamino)propanoic acid,JSJWCHRYRHKBBW-UHFFFAOYSA-N,JSJWCHRYRHKBBW-UHFFFAOYSA-N,NC(=O)NCCC(=O)O,,C4H8N2O3,132.12,132.119,132.05349212,0,9,0,1,C;H;N;O,-1.5,92.4,3,3,3,PubChem
112,3-hydroxy-2-oxo-4-phosphonooxybutanoate,MZJFVXDTNBHTKZ-UHFFFAOYSA-M,MZJFVXDTNBHTKZ-UHFFFAOYSA-M,O=C([O-])C(=O)C(O)COP(=O)(O)O,,C4H6O8P-,213.06,213.058,212.98002914,-1,13,0,1,C;H;O;P,-2.1,144,3,8,4,PubChem
113,3-hydroxy-2-oxo-4-phosphonooxybutanoic acid,MZJFVXDTNBHTKZ-UHFFFAOYSA-N,MZJFVXDTNBHTKZ-UHFFFAOYSA-N,O=C(O)C(=O)C(O)COP(=O)(O)O,,C4H7O8P,214.07,214.066,213.98785418,0,13,0,1,C;H;O;P,-2.7,141,4,8,5,PubChem
114,4-pyridin-3-ylbutanoic acid,MFYZACBRKCFXDV-UHFFFAOYSA-N,MFYZACBRKCFXDV-UHFFFAOYSA-N,O=C(O)CCCc1cccnc1,,C9H11NO2,165.19,165.192,165.078978594,0,12,0,1,C;H;N;O,0.6,50.2,1,3,4,PubChem
